Elise Rigney DC,Impact Chiropractic,970-966-7105,https://impact-chiropractic.com/
Victoria Nguyen & Andy Lai DC,Rejuvinnate Family Chiropractic,303-975-6523,https://www.rejuvinnatechiropractic.com/
Elizabeth Kinkaid DC,Alpha Back Chiropractic,303-963-9618,https://www.alphabackchiro.com/
Matthew Hadeed DO,Lone Tree Pediatrics,303-798-3248,https://www.lonetreepediatrics.com/
Sarah Weeks DO,Island Health,360-293-3101,https://www.islandhealth.ca/
Shantai Watson DC,Eastridge Chiro,303-683-9494,https://www.eastridgechiropractic.com/
Jonathan Maczko DC,Blue Wing Chiropractic,720-340-4435,https://www.bluewingchiropractic.com/
Jacqueline Berens DC,The wellness Way,303-668-2103,https://www.thewellnessway.com/
Matthew Swager DC,Front Range Sports Medicine,720-891-1363,https://www.b2hchiro.com/
Toby Spitz DC,DocSpitz Performance Clinic,303-932-2225,https://www.docspitz.com/
Jeff Setter DC,100% Chiropractic-Broomfield,303-469-2236,https://100percentchiropractic.com/
Mario Chavez DC,Vita Nova Spinal Care,303-798-8672,https://www.vitanovaspinalcare.com/
Ashley Campbell DC,Campbell Chiropractic,720-708-2275,https://centennialfamilychiro.com/
Dave Orlando DC,Orlando Chiropractic & Acupuncture,303-543-7700,https://orlandoacupuncture.com/
Andrew Johnston DC,Washington Park Chiropractic,303-744-7100,https://www.washparkchiro.com/
Jace Buzek DC,Well Set Chiropractic,303-744-7100,https://wellsetdenver.com/
Gabrielle Davis DC,Adjusted Life Chiropractic,720-765-2959,https://adjustedlifechiro.com/
Isaac Mooberry DC,Lifetime Wellness & Chiropractic,303-399-3569,https://denverchiropractors.com/chiropractor/dr-isaac-mooberry/
Chris Utrup DC,Back In Line Wellness Center,720-772-9355,https://www.docchris.com/
Courtney Tate DC,Revive Chiropractic,303-993-3414,https://myrevivechiro.com/
Jace Buzek DC,Well Set Denver,303-744-7100,https://wellsetdenver.com/
Craig Pearson DC,Canyon Chiropractic Center,303-402-1300,https://www.canyonchiro.com/
Carolyn Wojtusiak DC,Evolve Health & Wellness,585-694-2506,https://evolvehealthandwellness.com/about/
Diana Leon DC,Calmbody Chiropractic Club,720-910-2352,https://calmbodychiropracticclub.com/
Christen Saccucci DC,Shoutout Colorado,630-430-0290,https://shoutoutcolorado.com/meet-christen-saccucci-family-chiropractor-and-birth-doula/
Ashley Jefferies DC,Function First Chiropractic,720-819-6964,https://www.functionfirstchiropractic.com/
Kali Jacobson DC,The Source Chiropractic,303-993-5769,https://www.sourcechirodenver.com/
Cathy Jones LMT,Cranialjones,720-312-4627,https://cathy-jones.com/
Luis Maybe LMT,Reactivate Massage,303-928-1210,https://reactivatebodywork.com/
Deborah Peter LMT,Harmony Ridge Healing Arts,303-725-5800,https://rosebudforward.janeapp.com/#staff_member/1